{
  "embedding_model_name": "gte-qwen2-7b",
  "model_name": "mplug",
  "total_evaluations": 6,
  "successful_evaluations": 6,
  "error_rate": 0.0,
  "coarse_grained_stats": {
    "mean": 0.741026,
    "min": 0.6749,
    "max": 0.784293,
    "std": 0.038797
  },
  "timestamp": "2025-11-20T16:54:10.342165",
  "fine_grained_stats": {
    "precision": {
      "mean": 0.678352,
      "std": 0.031509,
      "min": 0.625918,
      "max": 0.71862
    },
    "recall": {
      "mean": 0.630115,
      "std": 0.024493,
      "min": 0.594105,
      "max": 0.672079
    },
    "f1": {
      "mean": 0.6532,
      "std": 0.02609,
      "min": 0.609597,
      "max": 0.689633
    }
  },
  "hybrid_stats": {
    "hm_cf": {
      "mean": 0.693592,
      "std": 0.022818,
      "min": 0.658743,
      "max": 0.719704
    }
  }
}