{
  "embedding_model_name": "nv-embed",
  "model_name": "mplug",
  "total_evaluations": 6,
  "successful_evaluations": 6,
  "error_rate": 0.0,
  "coarse_grained_stats": {
    "mean": 0.566709,
    "min": 0.354059,
    "max": 0.744111,
    "std": 0.154205
  },
  "timestamp": "2025-11-20T14:59:03.086871",
  "fine_grained_stats": {
    "precision": {
      "mean": 0.490689,
      "std": 0.070729,
      "min": 0.360821,
      "max": 0.57188
    },
    "recall": {
      "mean": 0.416788,
      "std": 0.042666,
      "min": 0.341946,
      "max": 0.471697
    },
    "f1": {
      "mean": 0.450205,
      "std": 0.053527,
      "min": 0.35113,
      "max": 0.506174
    }
  },
  "hybrid_stats": {
    "hm_cf": {
      "mean": 0.496959,
      "std": 0.088672,
      "min": 0.352589,
      "max": 0.581882
    }
  }
}