{
  "embedding_model_name": "qwen3-8b",
  "model_name": "longvu",
  "total_evaluations": 6,
  "successful_evaluations": 6,
  "error_rate": 0.0,
  "coarse_grained_stats": {
    "mean": 0.646985,
    "min": 0.590304,
    "max": 0.731017,
    "std": 0.052974
  },
  "timestamp": "2025-11-20T18:29:53.595897",
  "fine_grained_stats": {
    "precision": {
      "mean": 0.69155,
      "std": 0.019768,
      "min": 0.660911,
      "max": 0.715486
    },
    "recall": {
      "mean": 0.634843,
      "std": 0.019775,
      "min": 0.596237,
      "max": 0.661093
    },
    "f1": {
      "mean": 0.661647,
      "std": 0.013439,
      "min": 0.648055,
      "max": 0.687215
    }
  },
  "hybrid_stats": {
    "hm_cf": {
      "mean": 0.653432,
      "std": 0.031311,
      "min": 0.620113,
      "max": 0.70844
    }
  }
}