{
  "embedding_model_name": "kalm",
  "model_name": "llava_one_vision",
  "total_evaluations": 6,
  "successful_evaluations": 6,
  "error_rate": 0.0,
  "coarse_grained_stats": {
    "mean": 0.766596,
    "min": 0.74739,
    "max": 0.786658,
    "std": 0.013261
  },
  "timestamp": "2025-11-20T15:05:37.810416",
  "fine_grained_stats": {
    "precision": {
      "mean": 0.765698,
      "std": 0.02307,
      "min": 0.729497,
      "max": 0.793066
    },
    "recall": {
      "mean": 0.720285,
      "std": 0.02027,
      "min": 0.691976,
      "max": 0.746237
    },
    "f1": {
      "mean": 0.74224,
      "std": 0.020628,
      "min": 0.714929,
      "max": 0.763652
    }
  },
  "hybrid_stats": {
    "hm_cf": {
      "mean": 0.754027,
      "std": 0.012677,
      "min": 0.731485,
      "max": 0.768301
    }
  }
}