{
  "embedding_model_name": "kalm",
  "model_name": "mplug",
  "total_evaluations": 6,
  "successful_evaluations": 6,
  "error_rate": 0.0,
  "coarse_grained_stats": {
    "mean": 0.764833,
    "min": 0.61897,
    "max": 0.874732,
    "std": 0.089702
  },
  "timestamp": "2025-11-20T16:57:57.598142",
  "fine_grained_stats": {
    "precision": {
      "mean": 0.775448,
      "std": 0.028631,
      "min": 0.727558,
      "max": 0.820771
    },
    "recall": {
      "mean": 0.739689,
      "std": 0.016688,
      "min": 0.719163,
      "max": 0.771505
    },
    "f1": {
      "mean": 0.757018,
      "std": 0.020764,
      "min": 0.723336,
      "max": 0.782596
    }
  },
  "hybrid_stats": {
    "hm_cf": {
      "mean": 0.758518,
      "std": 0.05012,
      "min": 0.675109,
      "max": 0.825306
    }
  }
}