Rank,VLM,Borda,MeanJudge
1,videollama3,80,0.671407
2,mplug,75,0.656087
3,llava_one_vision,67,0.639646
4,vilamp,67,0.638355
5,longvu,61,0.626550
6,Qwen2.5-72B,55,0.618413
7,Qwen2.5-32B,48,0.607616
8,videochatflash,42,0.599771
9,minicpm,42,0.599771
10,video_xl,36,0.589356
11,sharegpt4,29,0.580613
12,internvl,27,0.580817
13,timechat,20,0.559495
14,llava_next_video,16,0.545692
15,ts_llava,9,0.530505
16,oryx,6,0.524946
17,longva,0,0.478316
