{
  "llava_one_vision": {
    "embedding_model_comparisons": {
      "nv-embed": {
        "coarse_grained": {
          "mean": 0.626181,
          "std": 0.02684,
          "min": 0.589921,
          "max": 0.665776
        },
        "fine_grained": {
          "precision": {
            "mean": 0.478916,
            "std": 0.051889,
            "min": 0.413984,
            "max": 0.572648
          },
          "recall": {
            "mean": 0.386387,
            "std": 0.04152,
            "min": 0.325813,
            "max": 0.439158
          },
          "f1": {
            "mean": 0.427478,
            "std": 0.044757,
            "min": 0.364645,
            "max": 0.494597
          }
        },
        "hybrid": {
          "hm_cf": {
            "mean": 0.506267,
            "std": 0.030926,
            "min": 0.471209,
            "max": 0.548471
          }
        }
      },
      "gte-qwen2-7b": {
        "coarse_grained": {
          "mean": 0.646511,
          "std": 0.047362,
          "min": 0.579283,
          "max": 0.718761
        },
        "fine_grained": {
          "precision": {
            "mean": 0.649761,
            "std": 0.029143,
            "min": 0.610584,
            "max": 0.688782
          },
          "recall": {
            "mean": 0.593715,
            "std": 0.035286,
            "min": 0.526988,
            "max": 0.637334
          },
          "f1": {
            "mean": 0.620305,
            "std": 0.031373,
            "min": 0.565714,
            "max": 0.653839
          }
        },
        "hybrid": {
          "hm_cf": {
            "mean": 0.631601,
            "std": 0.024823,
            "min": 0.60264,
            "max": 0.671968
          }
        }
      },
      "nemo": {
        "coarse_grained": {
          "mean": 0.62154,
          "std": 0.031121,
          "min": 0.584662,
          "max": 0.671461
        },
        "fine_grained": {
          "precision": {
            "mean": 0.567351,
            "std": 0.04532,
            "min": 0.507115,
            "max": 0.639763
          },
          "recall": {
            "mean": 0.494884,
            "std": 0.036771,
            "min": 0.439042,
            "max": 0.540505
          },
          "f1": {
            "mean": 0.528426,
            "std": 0.039237,
            "min": 0.47063,
            "max": 0.58596
          }
        },
        "hybrid": {
          "hm_cf": {
            "mean": 0.569855,
            "std": 0.024239,
            "min": 0.541776,
            "max": 0.611898
          }
        }
      },
      "qwen3-8b": {
        "coarse_grained": {
          "mean": 0.608017,
          "std": 0.023812,
          "min": 0.571777,
          "max": 0.642875
        },
        "fine_grained": {
          "precision": {
            "mean": 0.699981,
            "std": 0.028446,
            "min": 0.666177,
            "max": 0.751627
          },
          "recall": {
            "mean": 0.634063,
            "std": 0.031068,
            "min": 0.596271,
            "max": 0.671549
          },
          "f1": {
            "mean": 0.665266,
            "std": 0.02868,
            "min": 0.634137,
            "max": 0.709335
          }
        },
        "hybrid": {
          "hm_cf": {
            "mean": 0.634976,
            "std": 0.020962,
            "min": 0.603746,
            "max": 0.661837
          }
        }
      },
      "kalm": {
        "coarse_grained": {
          "mean": 0.766596,
          "std": 0.013261,
          "min": 0.74739,
          "max": 0.786658
        },
        "fine_grained": {
          "precision": {
            "mean": 0.765698,
            "std": 0.02307,
            "min": 0.729497,
            "max": 0.793066
          },
          "recall": {
            "mean": 0.720285,
            "std": 0.02027,
            "min": 0.691976,
            "max": 0.746237
          },
          "f1": {
            "mean": 0.74224,
            "std": 0.020628,
            "min": 0.714929,
            "max": 0.763652
          }
        },
        "hybrid": {
          "hm_cf": {
            "mean": 0.754027,
            "std": 0.012677,
            "min": 0.731485,
            "max": 0.768301
          }
        }
      }
    },
    "timestamp": "2025-11-20T14:55:19.374713",
    "best_embedding_model": "kalm",
    "ranking": [
      "kalm",
      "qwen3-8b",
      "gte-qwen2-7b",
      "nemo",
      "nv-embed"
    ],
    "performance_gap": 0.24776
  },
  "summary": {
    "total_models": 3,
    "total_embedding_models": 5,
    "overall_best_embedding_model": "kalm",
    "avg_performance_gap": 0.252976,
    "embedding_model_averages": {
      "nv-embed": 0.503714,
      "gte-qwen2-7b": 0.658114,
      "nemo": 0.58415,
      "qwen3-8b": 0.65833,
      "kalm": 0.75669
    },
    "timestamp": "2025-11-20T15:05:45.305780"
  },
  "longvu": {
    "embedding_model_comparisons": {
      "nv-embed": {
        "coarse_grained": {
          "mean": 0.632891,
          "std": 0.056672,
          "min": 0.528957,
          "max": 0.722466
        },
        "fine_grained": {
          "precision": {
            "mean": 0.479182,
            "std": 0.038875,
            "min": 0.414983,
            "max": 0.518869
          },
          "recall": {
            "mean": 0.383941,
            "std": 0.022913,
            "min": 0.363746,
            "max": 0.43353
          },
          "f1": {
            "mean": 0.425735,
            "std": 0.025755,
            "min": 0.393215,
            "max": 0.472376
          }
        },
        "hybrid": {
          "hm_cf": {
            "mean": 0.507917,
            "std": 0.03029,
            "min": 0.478941,
            "max": 0.571248
          }
        }
      },
      "gte-qwen2-7b": {
        "coarse_grained": {
          "mean": 0.69181,
          "std": 0.03,
          "min": 0.659159,
          "max": 0.733846
        },
        "fine_grained": {
          "precision": {
            "mean": 0.649561,
            "std": 0.027529,
            "min": 0.621212,
            "max": 0.688443
          },
          "recall": {
            "mean": 0.579302,
            "std": 0.041867,
            "min": 0.493501,
            "max": 0.626268
          },
          "f1": {
            "mean": 0.611784,
            "std": 0.032047,
            "min": 0.553849,
            "max": 0.655071
          }
        },
        "hybrid": {
          "hm_cf": {
            "mean": 0.649148,
            "std": 0.029642,
            "min": 0.606711,
            "max": 0.692225
          }
        }
      },
      "nemo": {
        "coarse_grained": {
          "mean": 0.661434,
          "std": 0.039435,
          "min": 0.60499,
          "max": 0.733503
        },
        "fine_grained": {
          "precision": {
            "mean": 0.536049,
            "std": 0.026908,
            "min": 0.498151,
            "max": 0.582873
          },
          "recall": {
            "mean": 0.470805,
            "std": 0.034881,
            "min": 0.41498,
            "max": 0.509583
          },
          "f1": {
            "mean": 0.500749,
            "std": 0.027803,
            "min": 0.466575,
            "max": 0.538614
          }
        },
        "hybrid": {
          "hm_cf": {
            "mean": 0.569417,
            "std": 0.027534,
            "min": 0.538075,
            "max": 0.62113
          }
        }
      },
      "qwen3-8b": {
        "coarse_grained": {
          "mean": 0.646985,
          "std": 0.052974,
          "min": 0.590304,
          "max": 0.731017
        },
        "fine_grained": {
          "precision": {
            "mean": 0.69155,
            "std": 0.019768,
            "min": 0.660911,
            "max": 0.715486
          },
          "recall": {
            "mean": 0.634843,
            "std": 0.019775,
            "min": 0.596237,
            "max": 0.661093
          },
          "f1": {
            "mean": 0.661647,