{
  "embedding_model_name": "nv-embed",
  "model_name": "longvu",
  "total_evaluations": 6,
  "successful_evaluations": 6,
  "error_rate": 0.0,
  "coarse_grained_stats": {
    "mean": 0.632891,
    "min": 0.528957,
    "max": 0.722466,
    "std": 0.056672
  },
  "timestamp": "2025-11-20T18:26:00.244253",
  "fine_grained_stats": {
    "precision": {
      "mean": 0.479182,
      "std": 0.038875,
      "min": 0.414983,
      "max": 0.518869
    },
    "recall": {
      "mean": 0.383941,
      "std": 0.022913,
      "min": 0.363746,
      "max": 0.43353
    },
    "f1": {
      "mean": 0.425735,
      "std": 0.025755,
      "min": 0.393215,
      "max": 0.472376
    }
  },
  "hybrid_stats": {
    "hm_cf": {
      "mean": 0.507917,
      "std": 0.03029,
      "min": 0.478941,
      "max": 0.571248
    }
  }
}