{
  "embedding_model_name": "qwen3-8b",
  "model_name": "llava_one_vision",
  "total_evaluations": 6,
  "successful_evaluations": 6,
  "error_rate": 0.0,
  "coarse_grained_stats": {
    "mean": 0.608017,
    "min": 0.571777,
    "max": 0.642875,
    "std": 0.023812
  },
  "timestamp": "2025-11-20T16:56:30.082669",
  "fine_grained_stats": {
    "precision": {
      "mean": 0.699981,
      "std": 0.028446,
      "min": 0.666177,
      "max": 0.751627
    },
    "recall": {
      "mean": 0.634063,
      "std": 0.031068,
      "min": 0.596271,
      "max": 0.671549
    },
    "f1": {
      "mean": 0.665266,
      "std": 0.02868,
      "min": 0.634137,
      "max": 0.709335
    }
  },
  "hybrid_stats": {
    "hm_cf": {
      "mean": 0.634976,
      "std": 0.020962,
      "min": 0.603746,
      "max": 0.661837
    }
  }
}