{
  "embedding_model_name": "qwen3-8b",
  "model_name": "mplug",
  "total_evaluations": 6,
  "successful_evaluations": 6,
  "error_rate": 0.0,
  "coarse_grained_stats": {
    "mean": 0.689334,
    "min": 0.603418,
    "max": 0.731273,
    "std": 0.042697
  },
  "timestamp": "2025-11-20T16:56:52.003685",
  "fine_grained_stats": {
    "precision": {
      "mean": 0.711086,
      "std": 0.029281,
      "min": 0.660537,
      "max": 0.756413
    },
    "recall": {
      "mean": 0.661197,
      "std": 0.024813,
      "min": 0.618326,
      "max": 0.700917
    },
    "f1": {
      "mean": 0.685105,
      "std": 0.025065,
      "min": 0.638735,
      "max": 0.714966
    }
  },
  "hybrid_stats": {
    "hm_cf": {
      "mean": 0.686581,
      "std": 0.028941,
      "min": 0.637654,
      "max": 0.716408
    }
  }
}