{
  "embedding_model_name": "gte-qwen2-7b",
  "model_name": "longvu",
  "total_evaluations": 6,
  "successful_evaluations": 6,
  "error_rate": 0.0,
  "coarse_grained_stats": {
    "mean": 0.69181,
    "min": 0.659159,
    "max": 0.733846,
    "std": 0.03
  },
  "timestamp": "2025-11-20T18:27:12.464023",
  "fine_grained_stats": {
    "precision": {
      "mean": 0.649561,
      "std": 0.027529,
      "min": 0.621212,
      "max": 0.688443
    },
    "recall": {
      "mean": 0.579302,
      "std": 0.041867,
      "min": 0.493501,
      "max": 0.626268
    },
    "f1": {
      "mean": 0.611784,
      "std": 0.032047,
      "min": 0.553849,
      "max": 0.655071
    }
  },
  "hybrid_stats": {
    "hm_cf": {
      "mean": 0.649148,
      "std": 0.029642,
      "min": 0.606711,
      "max": 0.692225
    }
  }
}