{
  "embedding_model_name": "kalm",
  "model_name": "longvu",
  "total_evaluations": 6,
  "successful_evaluations": 6,
  "error_rate": 0.0,
  "coarse_grained_stats": {
    "mean": 0.785511,
    "min": 0.670632,
    "max": 0.862379,
    "std": 0.063534
  },
  "timestamp": "2025-11-20T18:31:06.831508",
  "fine_grained_stats": {
    "precision": {
      "mean": 0.759865,
      "std": 0.02304,
      "min": 0.720563,
      "max": 0.790844
    },
    "recall": {
      "mean": 0.710005,
      "std": 0.025452,
      "min": 0.659359,
      "max": 0.744489
    },
    "f1": {
      "mean": 0.733775,
      "std": 0.019466,
      "min": 0.70206,
      "max": 0.761507
    }
  },
  "hybrid_stats": {
    "hm_cf": {
      "mean": 0.757526,
      "std": 0.034641,
      "min": 0.708017,
      "max": 0.80881
    }
  }
}