{
  "embedding_model_name": "nemo",
  "model_name": "llava_one_vision",
  "total_evaluations": 6,
  "successful_evaluations": 6,
  "error_rate": 0.0,
  "coarse_grained_stats": {
    "mean": 0.62154,
    "min": 0.584662,
    "max": 0.671461,
    "std": 0.031121
  },
  "timestamp": "2025-11-20T16:55:06.198645",
  "fine_grained_stats": {
    "precision": {
      "mean": 0.567351,
      "std": 0.04532,
      "min": 0.507115,
      "max": 0.639763
    },
    "recall": {
      "mean": 0.494884,
      "std": 0.036771,
      "min": 0.439042,
      "max": 0.540505
    },
    "f1": {
      "mean": 0.528426,
      "std": 0.039237,
      "min": 0.47063,
      "max": 0.58596
    }
  },
  "hybrid_stats": {
    "hm_cf": {
      "mean": 0.569855,
      "std": 0.024239,
      "min": 0.541776,
      "max": 0.611898
    }
  }
}