{
  "embedding_model_name": "nemo",
  "model_name": "mplug",
  "total_evaluations": 6,
  "successful_evaluations": 6,
  "error_rate": 0.0,
  "coarse_grained_stats": {
    "mean": 0.671672,
    "min": 0.537512,
    "max": 0.762325,
    "std": 0.073071
  },
  "timestamp": "2025-11-20T16:55:27.394041",
  "fine_grained_stats": {
    "precision": {
      "mean": 0.593173,
      "std": 0.051937,
      "min": 0.493005,
      "max": 0.66338
    },
    "recall": {
      "mean": 0.542202,
      "std": 0.029992,
      "min": 0.484979,
      "max": 0.582812
    },
    "f1": {
      "mean": 0.566258,
      "std": 0.039136,
      "min": 0.488959,
      "max": 0.608512
    }
  },
  "hybrid_stats": {
    "hm_cf": {
      "mean": 0.613179,
      "std": 0.049059,
      "min": 0.546637,
      "max": 0.672771
    }
  }
}